project_code	submitter_sample_id	ega_sample_id	ega_experiment_id	ega_run_id	file_name	ega_file_id	encrypted_file_md5sum	file_md5sum	dataset_id	file_size
ESAD-UK	LP6008335-DNA_G02	EGAN00001681748	EGAX00001627850	EGAR00001673411	LP6008335-DNA_G02.bam	EGAF00001904514	40388dc46a7d8ada87a1d1c707a7a414	37f72941dd3b36d51cc774854de747d3	EGAD00001004137	69028789780
ESAD-UK	LP6008335-DNA_C03	EGAN00001681742	EGAX00001627844	EGAR00001673405	LP6008335-DNA_C03.bam	EGAF00001904508	21541a1a9c71b65290d247a4451160ba	0352470f27704eaf84dc0af095ce881b	EGAD00001004137	70062988678
ESAD-UK	LP6008269-DNA_H09	EGAN00001558925	EGAX00001522280	EGAR00001566514	LP6008269-DNA_H09.bam	EGAF00001680645	c24febb3e3182bc14d944e5f22cb0ee3	0906da6ebe1754bc49c2083ef92e561b	EGAD00001004137	140552509106
ESAD-UK	LP6008334-DNA_E02	EGAN00001681682	EGAX00001627784	EGAR00001673345	LP6008334-DNA_E02.bam	EGAF00001904448	7b999c711689a78e4c9764f9cae8e946	79cbe4f4d27d45f1f6a8e3374eed6479	EGAD00001004137	130386827535
ESAD-UK	LP6005935-DNA_D02	EGAN00001246589	EGAX00001238208	EGAR00001253308	LP6005935-DNA_D02.bam	EGAF00000661610	215ca22bd2d5ecd4f6c5088d68472a73	89e0f0c27044e73105426366bee83f25	EGAD00001004137	128107310863
ESAD-UK	LP6008336-DNA_B02	EGAN00001681667	EGAX00001627769	EGAR00001673330	LP6008336-DNA_B02.bam	EGAF00001904433	b4ba897d9cd5016feb77fc61f4d2a55a	e4426af23856ffff627650c009c4bd85	EGAD00001004137	110169570224
ESAD-UK	LP6008138-DNA_F01	EGAN00001342128	EGAX00001340350	EGAR00001370177	LP6008138-DNA_F01.bam	EGAF00000905633	3320c3d9e9f75ae5d926fd9a3e1d98b3	6cbee04d378fcebed81527964fd463ad	EGAD00001004137	48179117456
ESAD-UK	LP6008335-DNA_F02	EGAN00001681747	EGAX00001627849	EGAR00001673410	LP6008335-DNA_F02.bam	EGAF00001904513	0895ee75be77805b0b3db9da5f9acfe9	d78d6b51490f2282420b98655ce58952	EGAD00001004137	72459972844
ESAD-UK	LP6008138-DNA_D02	EGAN00001342134	EGAX00001340356	EGAR00001370183	LP6008138-DNA_D02.bam	EGAF00000905639	8115092204623c85c7625a08986b9d96	08601b770bcc8f55bc976e1736488385	EGAD00001004137	47873800940
ESAD-UK	LP6008141-DNA_H02	EGAN00001342156	EGAX00001340378	EGAR00001370205	LP6008141-DNA_H02.bam	EGAF00000905661	7c42c644bb0faf1db96fa954aecf6fc6	09f616b3b3438bda670a19eece20693d	EGAD00001004137	94206934372
ESAD-UK	LP6008334-DNA_B03	EGAN00001681700	EGAX00001627802	EGAR00001673363	LP6008334-DNA_B03.bam	EGAF00001904466	7d484de89baf194bdc02de90f7a5ed00	f76fdd5b4e6f2acef2c888dd7a705ff2	EGAD00001004137	128790194539
ESAD-UK	LP6008280-DNA_F02	EGAN00001467515	EGAX00001462767	EGAR00001500329	LP6008280-DNA_F02.bam	EGAF00001415385	00a7170aefcb57e0af0be3beb65fefdd	114fa62dcacbb12577dc27af869857d8	EGAD00001004137	124439063873
ESAD-UK	LP6008201-DNA_D03	EGAN00001391416	EGAX00001399289	EGAR00001436398	LP6008201-DNA_D03.bam	EGAF00001180080	a13d18fd216dfa35acfec3891839201b	3720c251f4df58002e8973cbe1c257d1	EGAD00001004137	53733527698
ESAD-UK	LP6008336-DNA_C02	EGAN00001681669	EGAX00001627771	EGAR00001673332	LP6008336-DNA_C02.bam	EGAF00001904435	4e4bdbe164324d3d50d0bcc2bd7db932	6debbdbb88569523c059b6bc70f885f6	EGAD00001004137	126560159102
ESAD-UK	LP6008333-DNA_B01	EGAN00001681715	EGAX00001627817	EGAR00001673378	LP6008333-DNA_B01.bam	EGAF00001904481	816fa78ba5e26d46aeb52d076470eab0	ef26a18f5e34287d73c77f4dc3796bd4	EGAD00001004137	71529921545
ESAD-UK	LP6008266-DNA_D01	EGAN00001559008	EGAX00001522363	EGAR00001566597	LP6008266-DNA_D01.bam	EGAF00001680728	c6bf14fab64ad2fe37abb08bbc5d0a42	218832a19dcbc17b231188c811097023	EGAD00001004137	80905608192
ESAD-UK	LP6008336-DNA_G03	EGAN00001681699	EGAX00001627801	EGAR00001673362	LP6008336-DNA_G03.bam	EGAF00001904465	a6e4530bfc65c9aa90c60ba6ba4b4f64	e2cc715b7037718e4f49ce526950901d	EGAD00001004137	133374041613
ESAD-UK	LP6008336-DNA_D02	EGAN00001681662	EGAX00001627764	EGAR00001673325	LP6008336-DNA_D02.bam	EGAF00001904428	ce281120801c6c6206f1d3ef3ed750a3	35c57919f47efcc72a8b7ba92538aea4	EGAD00001004137	126783554297
ESAD-UK	LP2000333-DNA_A01	EGAN00001246645	EGAX00001238264	EGAR00001253364	LP2000333-DNA_A01.bam	EGAF00000661722	debcb501b0fa69f6a876e5c1c31e400f	5c0f06ed179ea6525599cecfd12f92c0	EGAD00001004137	128672251116
ESAD-UK	LP6008334-DNA_A04	EGAN00001681671	EGAX00001627773	EGAR00001673334	LP6008334-DNA_A04.bam	EGAF00001904437	c760b92e2ac2beeee5b4d99e44de5cb2	37ceb00e2f69b01422f63abb7ac0699e	EGAD00001004137	128764776880
ESAD-UK	LP6008221-DNA_A03	EGAN00001391371	EGAX00001399250	EGAR00001436359	LP6008221-DNA_A03.bam	EGAF00001181006	82e8b7700476fb50072afd552c0a0771	f48fa378bb1b6bdbdf8ec6c996c7aa13	EGAD00001004137	94554716442
ESAD-UK	LP6008268-DNA_E08	EGAN00001558988	EGAX00001522343	EGAR00001566577	LP6008268-DNA_E08.bam	EGAF00001680708	74d200e015a2cb379f33e16432bf7715	32ba1a5979e91c681872b9015fe06c96	EGAD00001004137	74469286503
ESAD-UK	LP6008333-DNA_F03	EGAN00001681734	EGAX00001627836	EGAR00001673397	LP6008333-DNA_F03.bam	EGAF00001904500	ae045ac2cfa68074df3a73bdf1986849	ff31f3faa57e076c5430c1bfb30c4755	EGAD00001004137	69064464532
ESAD-UK	LP6008220-DNA_E03	EGAN00001391437	EGAX00001399310	EGAR00001436419	LP6008220-DNA_E03.bam	EGAF00001180170	ab624160715c906bc9e50376ec825ee7	fd06e5f29b169866e5a406b9d713c3cb	EGAD00001004137	52458490345
ESAD-UK	LP6008220-DNA_A03	EGAN00001391433	EGAX00001399306	EGAR00001436415	LP6008220-DNA_A03.bam	EGAF00001180166	f9be872ce7cffeda7f7ba2876ef152b3	0c4a32d2b028d05584576f2cf854c800	EGAD00001004137	49981414325
ESAD-UK	LP6008334-DNA_H02	EGAN00001681689	EGAX00001627791	EGAR00001673352	LP6008334-DNA_H02.bam	EGAF00001904455	53fd5b1e77204689eb8fdd32bdd28c54	78021bf0fb104679aab899e002cf788b	EGAD00001004137	128985483203
ESAD-UK	LP6008335-DNA_D03	EGAN00001681721	EGAX00001627823	EGAR00001673384	LP6008335-DNA_D03.bam	EGAF00001904487	eb05d3f7c3fca1dbc41af5679cbbf6fb	16f011e4b2d92e63828d85832a6985a6	EGAD00001004137	65295949477
ESAD-UK	LP6008336-DNA_C01	EGAN00001681661	EGAX00001627763	EGAR00001673324	LP6008336-DNA_C01.bam	EGAF00001904427	1d414f62e3175dd913d1de068e8fd3d0	95b785a6c4a489bdc547db6f68b82375	EGAD00001004137	135367830478
ESAD-UK	LP6008335-DNA_A02	EGAN00001681729	EGAX00001627831	EGAR00001673392	LP6008335-DNA_A02.bam	EGAF00001904495	adabf41cb716650663664d57ad6beba3	a211ef2c2d7e44d6808cd4ff3e89fd38	EGAD00001004137	64173979524
ESAD-UK	LP6008266-DNA_E01	EGAN00001559009	EGAX00001522364	EGAR00001566598	LP6008266-DNA_E01.bam	EGAF00001680729	60213fa9ceed534363f64dad63d506d0	d94de76d84500ea3b06a8f5bf2338780	EGAD00001004137	80891745248
ESAD-UK	LP6008269-DNA_A10	EGAN00001558926	EGAX00001522281	EGAR00001566515	LP6008269-DNA_A10.bam	EGAF00001680646	1464aa5bf33d9e2fb9a423b7f988995e	728d4c5cff6609d85c872ce8743be81a	EGAD00001004137	157527159228
ESAD-UK	LP6008202-DNA_A03	EGAN00001391351	EGAX00001399230	EGAR00001436339	LP6008202-DNA_A03.bam	EGAF00001180917	c8c2de920243661cbea17ac3832e61ab	385990bfb00d5da9ae4bcf259888fdcd	EGAD00001004137	78428419537
ESAD-UK	LP6008201-DNA_B03	EGAN00001391414	EGAX00001399287	EGAR00001436396	LP6008201-DNA_B03.bam	EGAF00001180078	ba0bf7598b92e94bec3317a534121fea	43bb6e5f3267fbc63028580e7e05be69	EGAD00001004137	50959453135
ESAD-UK	LP6008269-DNA_B05	EGAN00001558891	EGAX00001522246	EGAR00001566480	LP6008269-DNA_B05.bam	EGAF00001680611	e82cfbcaf4e5df0bf7b54851f1737db9	7d0598df5a6e24cbae84072ab908c819	EGAD00001004137	153581823596
ESAD-UK	LP6008333-DNA_B02	EGAN00001681714	EGAX00001627816	EGAR00001673377	LP6008333-DNA_B02.bam	EGAF00001904480	0fa216030674ec28874a60551504df49	9ac7ce79decc8024f1cfcbcfe8409dc2	EGAD00001004137	69401432736
ESAD-UK	LP6008221-DNA_F03	EGAN00001391376	EGAX00001399255	EGAR00001436364	LP6008221-DNA_F03.bam	EGAF00001181011	40c04ebd78e0c1f520ef928148381311	260c7d359f89fb704b075d95ca96efe3	EGAD00001004137	78377883021
ESAD-UK	LP6008336-DNA_E03	EGAN00001681678	EGAX00001627780	EGAR00001673341	LP6008336-DNA_E03.bam	EGAF00001904444	6b631d115374f3d82475346b47c64d1f	397821492cab81d7ad24ade2ee7f3788	EGAD00001004137	122619838920
ESAD-UK	LP6008336-DNA_H02	EGAN00001681693	EGAX00001627795	EGAR00001673356	LP6008336-DNA_H02.bam	EGAF00001904459	77d2851992804f491c30ec0fa3a05c4b	c3802a7bd15a715f1a4bb474852d4756	EGAD00001004137	123267032837
ESAD-UK	LP6008031-DNA_H01	EGAN00001277411	EGAX00001296328	EGAR00001325042	LP6008031-DNA_H01.bam	EGAF00000814048	9be8a4aeadddd52bb24a9360486da624	9aa8e36eece81ef0d11307d98ae40a98	EGAD00001004137	108301399938
ESAD-UK	LP6008268-DNA_F06	EGAN00001558973	EGAX00001522328	EGAR00001566562	LP6008268-DNA_F06.bam	EGAF00001680693	32d27cd6007b280a1dcb7d7b1978fb35	87361e7157d467a72cdbd2f3dfbf7965	EGAD00001004137	73850203880
ESAD-UK	LP6008051-DNA_E02	EGAN00001277449	EGAX00001296366	EGAR00001325080	LP6008051-DNA_E02.bam	EGAF00000814060	59122e27d24ce921419c8e48dd9ee56f	09c7826d5d3c8e21dc970b256deb4911	EGAD00001004137	103580944349
ESAD-UK	LP6008333-DNA_D03	EGAN00001681726	EGAX00001627828	EGAR00001673389	LP6008333-DNA_D03.bam	EGAF00001904492	f638f96a052d15bcc5331c0f2c16d3a8	a4449f450f9e0e9ecac0d33373e290eb	EGAD00001004137	69624712873
ESAD-UK	LP6008141-DNA_H01	EGAN00001342148	EGAX00001340370	EGAR00001370197	LP6008141-DNA_H01.bam	EGAF00000905653	a84cb4aeb27b3275bb933cc44b142885	47eee2276a086450108ec0e35330cac7	EGAD00001004137	93209430249
ESAD-UK	LP6008202-DNA_D03	EGAN00001391354	EGAX00001399233	EGAR00001436342	LP6008202-DNA_D03.bam	EGAF00001180920	f89f9390a2c89ca1e9dea5e061a75df9	9bbcb785faf98191fef50d273021dcc1	EGAD00001004137	80096435400
ESAD-UK	LP6005934-DNA_H02	EGAN00001246623	EGAX00001238242	EGAR00001253342	LP6005934-DNA_H02.bam	EGAF00000661639	435898a415ef90773932800d40cb690b	17500e9619729e75d54d058bdef607a6	EGAD00001004137	95010871917
ESAD-UK	LP6008268-DNA_C08	EGAN00001558986	EGAX00001522341	EGAR00001566575	LP6008268-DNA_C08.bam	EGAF00001680706	94457c26d8a49ff5a1ee77c0d99166de	3c5678392d74b52a7691d03a5685ed06	EGAD00001004137	72766784592
ESAD-UK	LP6008031-DNA_H03	EGAN00001277420	EGAX00001296337	EGAR00001325051	LP6008031-DNA_H03.bam	EGAF00000814148	4e68aae1fd1526b6916585219d1b8e7a	460535b3bd5b6e96141cd6be3575d6cf	EGAD00001004137	104942869458
ESAD-UK	LP6008201-DNA_G02	EGAN00001391411	EGAX00001399284	EGAR00001436393	LP6008201-DNA_G02.bam	EGAF00001180075	ea15ff0ebcc436068dd69ed2e0dc0643	ed8d457370eca163b1a01ed36d9bdb6f	EGAD00001004137	75137148546
ESAD-UK	LP6008268-DNA_E10	EGAN00001559004	EGAX00001522359	EGAR00001566593	LP6008268-DNA_E10.bam	EGAF00001680724	9265938ea93bb434487427de81284fc8	b25a28893e47c2f28dfccee24cc8e513	EGAD00001004137	79880942895
ESAD-UK	LP6008266-DNA_H01	EGAN00001559012	EGAX00001522367	EGAR00001566601	LP6008266-DNA_H01.bam	EGAF00001680732	e91c630724996740e76b013bfba790ce	437de9586bfc71156653a7c92a8c60ad	EGAD00001004137	78931368916
ESAD-UK	LP6008138-DNA_H02	EGAN00001342138	EGAX00001340360	EGAR00001370187	LP6008138-DNA_H02.bam	EGAF00000905643	7941f9b443dbbefa18fb7fb16aff0d84	0c15577d213e53464b7a5abd7fd71594	EGAD00001004137	50199704822
ESAD-UK	LP6008141-DNA_B02	EGAN00001342150	EGAX00001340372	EGAR00001370199	LP6008141-DNA_B02.bam	EGAF00000905655	4ea88b9192612475a4cfbcffbd3b26dd	14433756cedd7ae66fc2666c31e1eb47	EGAD00001004137	93935590116
ESAD-UK	LP6008032-DNA_B03	EGAN00001277395	EGAX00001296312	EGAR00001325026	LP6008032-DNA_B03.bam	EGAF00000814107	bae641fefaf8c39452772a733680e9d7	b42185dca2894a30c1247059f8806d85	EGAD00001004137	54044189997
ESAD-UK	LP6008221-DNA_A04	EGAN00001391377	EGAX00001399256	EGAR00001436365	LP6008221-DNA_A04.bam	EGAF00001181012	5646557ccf7a5c264862d15f9ba9f592	5796827f260aaa1e83c7d78a744b6fba	EGAD00001004137	101407829076
ESAD-UK	LP6008335-DNA_E03	EGAN00001681718	EGAX00001627820	EGAR00001673381	LP6008335-DNA_E03.bam	EGAF00001904484	3bdd46bcdb430ef35f17952ac00a856a	c4cdf4b746206340c02b83abe986a1c6	EGAD00001004137	65082826525
ESAD-UK	LP6008336-DNA_F03	EGAN00001681687	EGAX00001627789	EGAR00001673350	LP6008336-DNA_F03.bam	EGAF00001904453	e86683bfedf6cf051161d9f8b25d7a9e	7e494319f3565e66dd3689f08bb16e38	EGAD00001004137	123086906050
ESAD-UK	LP6008141-DNA_F01	EGAN00001342146	EGAX00001340368	EGAR00001370195	LP6008141-DNA_F01.bam	EGAF00000905651	20da0364421f39df9cd9b6fddfcbf786	44ef6ca522651ae2ae05b8a0c12c2e78	EGAD00001004137	94343459623
ESAD-UK	LP6008336-DNA_A02	EGAN00001681660	EGAX00001627762	EGAR00001673323	LP6008336-DNA_A02.bam	EGAF00001904426	3009356b2a9107c94fd52e0ca950a894	ebb315ebbc9da09cbfd2e1806dc113e0	EGAD00001004137	128165690341
ESAD-UK	LP6008050-DNA_B02	EGAN00001277437	EGAX00001296354	EGAR00001325068	LP6008050-DNA_B02.bam	EGAF00000814164	f07181cc7f6e0cd602c541ab2b6cfe95	8edd3b0626fec58cb9bc05a0d1b77333	EGAD00001004137	54227291575
ESAD-UK	LP6008138-DNA_B02	EGAN00001342132	EGAX00001340354	EGAR00001370181	LP6008138-DNA_B02.bam	EGAF00000905637	a57cb7f867f76837aa05a1cd2c7a04a4	7a9c054fd001cfe919c0cec73d943375	EGAD00001004137	47638668617
ESAD-UK	LP6008269-DNA_C08	EGAN00001558912	EGAX00001522267	EGAR00001566501	LP6008269-DNA_C08.bam	EGAF00001680632	db3585bf024d8f44d9bf8dfd3ebbd3fc	36932f5fef5dd06548a7534ce8b8fb62	EGAD00001004137	157873666324
ESAD-UK	LP6008334-DNA_A01	EGAN00001681684	EGAX00001627786	EGAR00001673347	LP6008334-DNA_A01.bam	EGAF00001904450	5618ac8ba78c3367e70941db1fdfb7aa	8b242f09fd2e044a457643dbf7c94cc7	EGAD00001004137	133535472293
ESAD-UK	LP6008268-DNA_H07	EGAN00001558983	EGAX00001522338	EGAR00001566572	LP6008268-DNA_H07.bam	EGAF00001680703	f04e7b31e940877d0580c7576767ad66	6a6e38b5bb4806b273f9661628f0200f	EGAD00001004137	74119068615
ESAD-UK	LP6008221-DNA_H02	EGAN00001391370	EGAX00001399249	EGAR00001436358	LP6008221-DNA_H02.bam	EGAF00001181005	96a8bd5415aa6ca60d81558cf18d90e1	71f49615da1c1219b5da88ebe2c0c02e	EGAD00001004137	96661520733
ESAD-UK	LP6008268-DNA_H08	EGAN00001558991	EGAX00001522346	EGAR00001566580	LP6008268-DNA_H08.bam	EGAF00001680711	7727e4cc1964e9b9d891d6d4c7db931d	c0013f6d810ffc400310f4595dcee8a1	EGAD00001004137	80392648333
ESAD-UK	LP6008335-DNA_B02	EGAN00001681730	EGAX00001627832	EGAR00001673393	LP6008335-DNA_B02.bam	EGAF00001904496	1f92d62afdb0256dd4df41ee79bc4396	221d0a2fec75e4cbe5488f72553edffc	EGAD00001004137	56143842217
ESAD-UK	LP6008334-DNA_F03	EGAN00001681694	EGAX00001627796	EGAR00001673357	LP6008334-DNA_F03.bam	EGAF00001904460	33db1ea513de43d13b0454ecc5aa021e	7d8ca5ad654809fcbd14209a8bf35c8c	EGAD00001004137	126842736593
ESAD-UK	LP6008333-DNA_D01	EGAN00001681728	EGAX00001627830	EGAR00001673391	LP6008333-DNA_D01.bam	EGAF00001904494	4ef4ff1800ff6f7dac0ae6094d4a5d9f	0771ec6fd501b81eac3a763e8427d273	EGAD00001004137	70604513376
ESAD-UK	LP6008336-DNA_B01	EGAN00001681668	EGAX00001627770	EGAR00001673331	LP6008336-DNA_B01.bam	EGAF00001904434	6821b9a5331bf9e2559d643fb09d333f	4e22612625ff3158acfc5989e68baaa2	EGAD00001004137	135047012834
ESAD-UK	LP6008333-DNA_E02	EGAN00001681706	EGAX00001627808	EGAR00001673369	LP6008333-DNA_E02.bam	EGAF00001904472	bbc9bba86e84f0272d072e341df5a6e7	04daa4b29ec6543a7c383cf1f51a664e	EGAD00001004137	69211554864
ESAD-UK	LP6005935-DNA_E02	EGAN00001246590	EGAX00001238209	EGAR00001253309	LP6005935-DNA_E02.bam	EGAF00000661611	ba9389232dd40f89158efd5abad74fc0	17d430cb8263aec84f55a84b77b4d2ca	EGAD00001004137	131269521037
ESAD-UK	LP6008334-DNA_A03	EGAN00001681690	EGAX00001627792	EGAR00001673353	LP6008334-DNA_A03.bam	EGAF00001904456	a10f54754521432ce0c32045adf014d2	145ba81a271d1a72a9124215511e0e65	EGAD00001004137	129653143202
ESAD-UK	LP6008336-DNA_D03	EGAN00001681679	EGAX00001627781	EGAR00001673342	LP6008336-DNA_D03.bam	EGAF00001904445	d1cbeb94b7dedde5dcb6e97d894d14b4	70c3a21126f215c1a9d03884e268740e	EGAD00001004137	124439011228
ESAD-UK	LP6008335-DNA_D01	EGAN00001681727	EGAX00001627829	EGAR00001673390	LP6008335-DNA_D01.bam	EGAF00001904493	1e599d436032d761c11dbcfc0656f7c2	3577f9d7e8bf3f3ca96f74a7d9ed9d1c	EGAD00001004137	64265281518
ESAD-UK	LP6008335-DNA_A01	EGAN00001681731	EGAX00001627833	EGAR00001673394	LP6008335-DNA_A01.bam	EGAF00001904497	ea9e5ad6d46744bd9850236d66d308f5	ede3fdb660ef8730027adcfbf19f9351	EGAD00001004137	67260176147
ESAD-UK	LP6008333-DNA_A03	EGAN00001681723	EGAX00001627825	EGAR00001673386	LP6008333-DNA_A03.bam	EGAF00001904489	0fbe989b34f38361cbce4f3e7e5a75d2	8a1deaaed60100d1e9d53dcbc09bbef3	EGAD00001004137	68018511040
ESAD-UK	LP6008032-DNA_E03	EGAN00001277398	EGAX00001296315	EGAR00001325029	LP6008032-DNA_E03.bam	EGAF00000814041	b6354ac146dc255248e1f3bb07348f07	46a75c925ef40fcefbb632b04b1cdab5	EGAD00001004137	52399698818
ESAD-UK	LP6008334-DNA_C03	EGAN00001681701	EGAX00001627803	EGAR00001673364	LP6008334-DNA_C03.bam	EGAF00001904467	98ab7f6d18bb3d6beda6234d700a2a20	9fbdc7cd5ba12107cf86ff4a73f24d95	EGAD00001004137	125373646567
ESAD-UK	LP6008268-DNA_G07	EGAN00001558982	EGAX00001522337	EGAR00001566571	LP6008268-DNA_G07.bam	EGAF00001680702	05a047e287a82e37551a0bd070306a5a	7d0a33c85b35ce67c1890f72e294cf4d	EGAD00001004137	66907682605
ESAD-UK	LP6008336-DNA_D01	EGAN00001681681	EGAX00001627783	EGAR00001673344	LP6008336-DNA_D01.bam	EGAF00001904447	b708ef3dda11f5300722a62956f8a9db	eb7a1e20e0ceab352cbde7439406a592	EGAD00001004137	133027006189
ESAD-UK	LP6008336-DNA_G02	EGAN00001681696	EGAX00001627798	EGAR00001673359	LP6008336-DNA_G02.bam	EGAF00001904462	24cf2a18f22ebdb3c041468c7cb0bbe7	ae3ac46c84237c1d7f31a6cd8e5e2ad5	EGAD00001004137	122717403373
ESAD-UK	LP6008269-DNA_H08	EGAN00001558917	EGAX00001522272	EGAR00001566506	LP6008269-DNA_H08.bam	EGAF00001680637	63bf6f3c6ec5e8c0a9c8b264295f0531	563f0b6e132965027e6ec742752a4757	EGAD00001004137	152209724876
ESAD-UK	LP6008050-DNA_A02	EGAN00001277436	EGAX00001296353	EGAR00001325067	LP6008050-DNA_A02.bam	EGAF00000814163	f33f7cf6491cf07eb3dc2962bd70eba2	a073b8fb44c6b70f4e7fb43fc25f7edd	EGAD00001004137	50467876717
ESAD-UK	LP6008336-DNA_F02	EGAN00001681691	EGAX00001627793	EGAR00001673354	LP6008336-DNA_F02.bam	EGAF00001904457	236c3981e638a90d2de3ed1718b6ea1f	6b82d2845eb376528fc18fadf48cb23d	EGAD00001004137	127764747064
ESAD-UK	LP6008201-DNA_H02	EGAN00001391412	EGAX00001399285	EGAR00001436394	LP6008201-DNA_H02.bam	EGAF00001180076	02495a8beb421ad963fd4705bb6de1bc	8cb268253c9cbb8d778a22d0308f6b99	EGAD00001004137	77196307502
ESAD-UK	LP6008032-DNA_B02	EGAN00001277387	EGAX00001296304	EGAR00001325018	LP6008032-DNA_B02.bam	EGAF00000814099	3b9e072f28879c06604dbbb2e9e3875e	902741af7adecef0ec88c58f65fd8cc3	EGAD00001004137	61764543714
ESAD-UK	LP6008335-DNA_A03	EGAN00001681744	EGAX00001627846	EGAR00001673407	LP6008335-DNA_A03.bam	EGAF00001904510	e284adb34ec213461566b3846613bb46	d453893054f145b6e5dd4e32829bab3f	EGAD00001004137	69766573591
ESAD-UK	LP6005935-DNA_G02	EGAN00001246591	EGAX00001238210	EGAR00001253310	LP6005935-DNA_G02.bam	EGAF00000661612	157b91f32116ab37162452826498c0e6	2a058d08d754cb1c57d1a65e502813fd	EGAD00001004137	127623938722
ESAD-UK	LP6008202-DNA_C03	EGAN00001391353	EGAX00001399232	EGAR00001436341	LP6008202-DNA_C03.bam	EGAF00001180919	d6a441b510f74dbff8d559a88965176e	8022ad0a8add7513e4ba3398982da455	EGAD00001004137	90409885320
ESAD-UK	LP6008266-DNA_G01	EGAN00001559011	EGAX00001522366	EGAR00001566600	LP6008266-DNA_G01.bam	EGAF00001680731	c0f5ec740b901d45472a37c67eeee696	3f5b08101c5b574c2113eb8f9f43363f	EGAD00001004137	76777341491
ESAD-UK	LP6008264-DNA_F02	EGAN00001467533	EGAX00001462785	EGAR00001500347	LP6008264-DNA_F02.bam	EGAF00001415443	8c12696330f165ddfbcf8c5df775ba03	65692dbe2981e87741dbee844dd42f63	EGAD00001004137	66946495996
ESAD-UK	LP6008333-DNA_G01	EGAN00001681719	EGAX00001627821	EGAR00001673382	LP6008333-DNA_G01.bam	EGAF00001904485	f172bca690b028ab609982391091a67e	5cff47a59ccbe6a8d705c75c378e4daf	EGAD00001004137	70676870485
ESAD-UK	LP6008334-DNA_D01	EGAN00001681680	EGAX00001627782	EGAR00001673343	LP6008334-DNA_D01.bam	EGAF00001904446	a5da3a9ba77a90220c4ca3564febfc8d	a0d4ed75e43ab45e02aa7da03ee32177	EGAD00001004137	124399905984
ESAD-UK	LP6008333-DNA_G03	EGAN00001681746	EGAX00001627848	EGAR00001673409	LP6008333-DNA_G03.bam	EGAF00001904512	4b3dd23e31127d73b6b4b5d6a6380dde	9ea1ccdcc9abc46536b7d0adb7da4486	EGAD00001004137	67561500070
ESAD-UK	LP6008336-DNA_A03	EGAN00001681676	EGAX00001627778	EGAR00001673339	LP6008336-DNA_A03.bam	EGAF00001904442	00059ff75db7ff02cd39860e0b34871c	2f61443e67f1e145c708b1cdec2bdcd7	EGAD00001004137	123943534720
ESAD-UK	LP6005935-DNA_F03	EGAN00001246597	EGAX00001238216	EGAR00001253316	LP6005935-DNA_F03.bam	EGAF00000661618	6caaa95dce68de1f159a2628e0f3579d	cb0fcfd0fb8f26171f679e4098111dfa	EGAD00001004137	132357208048
ESAD-UK	LP6008268-DNA_C10	EGAN00001559002	EGAX00001522357	EGAR00001566591	LP6008268-DNA_C10.bam	EGAF00001680722	89980d03d0d67320cd443bb136537850	d0faf8a592ff6c697a8824a062c80b33	EGAD00001004137	80075178268
ESAD-UK	LP6008269-DNA_F08	EGAN00001558915	EGAX00001522270	EGAR00001566504	LP6008269-DNA_F08.bam	EGAF00001680635	8cd29a63c28771a8521cd8514c98f5e6	d92ef24a659b708f82412d15adb8507b	EGAD00001004137	150244868850
ESAD-UK	LP6008268-DNA_B10	EGAN00001559001	EGAX00001522356	EGAR00001566590	LP6008268-DNA_B10.bam	EGAF00001680721	6bb5ef8fbdce1440a94369b420797831	92ca7bbdb770fe9414bd84ba7fa93ec5	EGAD00001004137	77596225161
ESAD-UK	LP6008267-DNA_F01	EGAN00001558933	EGAX00001522288	EGAR00001566522	LP6008267-DNA_F01.bam	EGAF00001680653	551672d16781ae7d87feda8602b2be8f	980b20a6ab41360c11aebf0085c6d78f	EGAD00001004137	144353305311
ESAD-UK	LP6008267-DNA_D02	EGAN00001558937	EGAX00001522292	EGAR00001566526	LP6008267-DNA_D02.bam	EGAF00001680657	3815b575ce83ebf32cfe3355be354516	97538950038319fc7d0c3fb00fdc7920	EGAD00001004137	146549422037
ESAD-UK	LP6008268-DNA_F08	EGAN00001558989	EGAX00001522344	EGAR00001566578	LP6008268-DNA_F08.bam	EGAF00001680709	137ec1eadfd904a174615d30a79b86b0	4e498cc35486430f2294125a00827ad8	EGAD00001004137	67867284711
ESAD-UK	LP6008220-DNA_D03	EGAN00001391436	EGAX00001399309	EGAR00001436418	LP6008220-DNA_D03.bam	EGAF00001180169	32835135cf373afe4827cd53a46e71b4	70dd626b7241e6767f4e132ff4fa3238	EGAD00001004137	50299390696
ESAD-UK	LP6008268-DNA_G08	EGAN00001558990	EGAX00001522345	EGAR00001566579	LP6008268-DNA_G08.bam	EGAF00001680710	4cf4aea27202c145e9c30d97210b8534	d6851ce8b134335fdae73b6a70551cec	EGAD00001004137	81097622960
ESAD-UK	LP6008334-DNA_H03	EGAN00001681674	EGAX00001627776	EGAR00001673337	LP6008334-DNA_H03.bam	EGAF00001904440	a02165c426677fbbae3624c97288e988	0a6293d6521081e65aaebc76b1f0e526	EGAD00001004137	127592766737
ESAD-UK	LP6005934-DNA_D02	EGAN00001246619	EGAX00001238238	EGAR00001253338	LP6005934-DNA_D02.bam	EGAF00000661635	35deab6c57ee9a42ee6708e0955d9292	d2bdbb3e5d2b3f814882f70973afe4b7	EGAD00001004137	105059682853
ESAD-UK	LP6008141-DNA_A02	EGAN00001342149	EGAX00001340371	EGAR00001370198	LP6008141-DNA_A02.bam	EGAF00000905654	3f51dc5acecb56b4c12c9fbcf2cc9a4c	7f34caa69bb2d0f1d7a7a634a80f4185	EGAD00001004137	96438815498
ESAD-UK	LP6008266-DNA_F01	EGAN00001559010	EGAX00001522365	EGAR00001566599	LP6008266-DNA_F01.bam	EGAF00001680730	f2bb33b6c6fa587c6a0c392ca3bfcb6a	d1edb1d7e2b725b3e4a7e9b862880de8	EGAD00001004137	75039747550
ESAD-UK	LP6008333-DNA_E03	EGAN00001681725	EGAX00001627827	EGAR00001673388	LP6008333-DNA_E03.bam	EGAF00001904491	8d3500c2a599f6d61873065ca2575505	a7d13d162b5d6bf90c5d14b7bea75473	EGAD00001004137	69051935786
ESAD-UK	LP6005934-DNA_F03	EGAN00001246628	EGAX00001238247	EGAR00001253347	LP6005934-DNA_F03.bam	EGAF00000661644	e41d4e2be48d364bb2395f2f8c84644c	7e95a5b538b90232b99fbe32059dcbf5	EGAD00001004137	93564735646
ESAD-UK	LP6008138-DNA_A02	EGAN00001342131	EGAX00001340353	EGAR00001370180	LP6008138-DNA_A02.bam	EGAF00000905636	9a62c553da6c684e2b4a863ee044b36c	b2061ddc9cb7daadaccebe50049862ea	EGAD00001004137	47924489341
ESAD-UK	LP6008221-DNA_D03	EGAN00001391374	EGAX00001399253	EGAR00001436362	LP6008221-DNA_D03.bam	EGAF00001181009	6c9c59dddafadd7939e960e71e7e3911	ddacf5151ea2358cfa6fb3365333f8dd	EGAD00001004137	87972799509
ESAD-UK	LP6008334-DNA_E03	EGAN00001681697	EGAX00001627799	EGAR00001673360	LP6008334-DNA_E03.bam	EGAF00001904463	dfec384e9472d8d1cfa4547904a1672a	caf9588716abb6928feca67933e6e831	EGAD00001004137	127586698641
ESAD-UK	LP6008333-DNA_B03	EGAN00001681722	EGAX00001627824	EGAR00001673385	LP6008333-DNA_B03.bam	EGAF00001904488	bf880a3775f8d8b9d25bd76dc22c8696	615af9442292d4028a7551f11786b5f9	EGAD00001004137	69110549807
ESAD-UK	LP6008335-DNA_B03	EGAN00001681741	EGAX00001627843	EGAR00001673404	LP6008335-DNA_B03.bam	EGAF00001904507	624a9a8b13bdd56a92cb63bcaeafe673	1da9cc396ed98626837dfa1e7e754c2d	EGAD00001004137	69715542116
ESAD-UK	LP6008268-DNA_A10	EGAN00001559000	EGAX00001522355	EGAR00001566589	LP6008268-DNA_A10.bam	EGAF00001680720	962b6f7d16a0e16f1165e2796eacb098	b8b4e8dbf2aef74d660be1c0dae0388d	EGAD00001004137	83209275901
ESAD-UK	LP6008333-DNA_H03	EGAN00001681745	EGAX00001627847	EGAR00001673408	LP6008333-DNA_H03.bam	EGAF00001904511	67df8ff4b2f581a02c3ea6896c256fef	e6d15fc2045fdc06a78d53804066d698	EGAD00001004137	68191310204
ESAD-UK	LP6005935-DNA_E03	EGAN00001246596	EGAX00001238215	EGAR00001253315	LP6005935-DNA_E03.bam	EGAF00000661617	20c62ba72c57ee0e3cf6ac1d22316803	1449815eecd4b12c2b026af0bb490775	EGAD00001004137	124457470891
ESAD-UK	LP6008268-DNA_D08	EGAN00001558987	EGAX00001522342	EGAR00001566576	LP6008268-DNA_D08.bam	EGAF00001680707	112d2d89b17c3e87b4a16ded798577cd	af983ca1400047a4978b022915ed71da	EGAD00001004137	63909274134
ESAD-UK	LP6008269-DNA_A08	EGAN00001558910	EGAX00001522265	EGAR00001566499	LP6008269-DNA_A08.bam	EGAF00001680630	6b1d88e4c9023487112658e97f74d795	9ec7fb14d1728bc7612b4e16d1669aef	EGAD00001004137	158435453326
ESAD-UK	LP6008335-DNA_H01	EGAN00001681713	EGAX00001627815	EGAR00001673376	LP6008335-DNA_H01.bam	EGAF00001904479	f45a5c1c11e2eb8de90fd03667f3249a	6cc8b59976ac8467792f2f659b1394ad	EGAD00001004137	63863747164
ESAD-UK	LP6008333-DNA_A02	EGAN00001681707	EGAX00001627809	EGAR00001673370	LP6008333-DNA_A02.bam	EGAF00001904473	fe2cdab73003e6e9bbfe6d89bc6e0bd2	942d8e5fe078f529e3c25873f08722e4	EGAD00001004137	69496941286
ESAD-UK	LP6008221-DNA_C03	EGAN00001391373	EGAX00001399252	EGAR00001436361	LP6008221-DNA_C03.bam	EGAF00001181008	514952c6bc32389b615371bebfb4591e	91e21f7623e9033471c1fa894bed1e04	EGAD00001004137	78999622885
ESAD-UK	LP6008336-DNA_G01	EGAN00001681672	EGAX00001627774	EGAR00001673335	LP6008336-DNA_G01.bam	EGAF00001904438	3d323bad5dcdf9b6264d54723d264bcc	c20f1743fda7c74751f3acb179e92075	EGAD00001004137	128721671256
ESAD-UK	LP6008141-DNA_D02	EGAN00001342152	EGAX00001340374	EGAR00001370201	LP6008141-DNA_D02.bam	EGAF00000905657	5062c3e89f22e1ae71d6775409926095	bdec06dc6ed06618c4bc4d0ae7427a16	EGAD00001004137	89207142167
ESAD-UK	LP6008268-DNA_H09	EGAN00001558999	EGAX00001522354	EGAR00001566588	LP6008268-DNA_H09.bam	EGAF00001680719	7b0f8e8c24a43fadc7bff9b52abfb751	8bc78f7756999b041d2c777ad698e101	EGAD00001004137	79392298410
ESAD-UK	LP6008050-DNA_H01	EGAN00001391439	EGAX00001399312	EGAR00001436421	LP6008050-DNA_H01.bam	EGAF00001180172	6554bbb66f8f68ac173c8450f5d5c7bc	60b4e179501e55b55476af3499ca9057	EGAD00001004137	92244973993
ESAD-UK	LP6008220-DNA_C03	EGAN00001391435	EGAX00001399308	EGAR00001436417	LP6008220-DNA_C03.bam	EGAF00001180168	65dcb06048d92fc39f734c840118e55f	02bd63d86d57000b4d63ad945079ff39	EGAD00001004137	48801391660
ESAD-UK	LP6008269-DNA_G07	EGAN00001558908	EGAX00001522263	EGAR00001566497	LP6008269-DNA_G07.bam	EGAF00001680628	e7fcd607e6a4b2b17c1ada236f263c84	22fb6d206be970c441d6037479502be3	EGAD00001004137	141414201693
ESAD-UK	LP6008333-DNA_A01	EGAN00001681711	EGAX00001627813	EGAR00001673374	LP6008333-DNA_A01.bam	EGAF00001904477	64b3617f89263919bb8fc47f0c068724	39d8472d3955e9b109b1cf29ec4046c3	EGAD00001004137	68667090675
ESAD-UK	LP6008138-DNA_G01	EGAN00001342129	EGAX00001340351	EGAR00001370178	LP6008138-DNA_G01.bam	EGAF00000905634	ce0fa6627f719cdae82845e1379ad36a	00043f61b2ede9c8bd399b2e4cb3f26a	EGAD00001004137	54510706873
ESAD-UK	LP6008333-DNA_E01	EGAN00001681717	EGAX00001627819	EGAR00001673380	LP6008333-DNA_E01.bam	EGAF00001904483	b1b1a93dcae0b1eb259e1134e9415a64	b5e9ecac7c3c6e35a3280fbfe485749a	EGAD00001004137	71268041895
ESAD-UK	LP6008221-DNA_E03	EGAN00001391375	EGAX00001399254	EGAR00001436363	LP6008221-DNA_E03.bam	EGAF00001181010	daace25f22eecbf3583f3c6e2eb3f58a	64ba6001abe349aad1503453ad28d1ea	EGAD00001004137	98898946834
ESAD-UK	LP6008334-DNA_D02	EGAN00001681666	EGAX00001627768	EGAR00001673329	LP6008334-DNA_D02.bam	EGAF00001904432	7c683294f8ff5d49689978df4b710739	a87bc8d0a9544e09bdf55fd901244e70	EGAD00001004137	132227292617
ESAD-UK	LP6008334-DNA_D03	EGAN00001681692	EGAX00001627794	EGAR00001673355	LP6008334-DNA_D03.bam	EGAF00001904458	e20957e1d59c9bd08915e991e2d64494	9a6656631dbf7cb4e9a1129e55b56b96	EGAD00001004137	128396322369
ESAD-UK	LP6008268-DNA_F09	EGAN00001558997	EGAX00001522352	EGAR00001566586	LP6008268-DNA_F09.bam	EGAF00001680717	8664b4559b0a76258bd9c9f9577a2bb9	da38a57ad6025fe1cc10dcb4fd07936c	EGAD00001004137	76652932933
ESAD-UK	LP6008335-DNA_C01	EGAN00001681733	EGAX00001627835	EGAR00001673396	LP6008335-DNA_C01.bam	EGAF00001904499	da5ce397b9ba825820aaf82eaae89984	e52a0ca429c96d40a236bc3891cf82d5	EGAD00001004137	64973608299
ESAD-UK	LP6005979-DNA_C01	EGAN00001246622	EGAX00001238241	EGAR00001253341	LP6005979-DNA_C01.bam	EGAF00000661638	7ad825f502e40141556bd32f81e33c27	2147b84dbfe96bdc6dc0b3e7e5984889	EGAD00001004137	79626550170
ESAD-UK	LP6008267-DNA_H01	EGAN00001558935	EGAX00001522290	EGAR00001566524	LP6008267-DNA_H01.bam	EGAF00001680655	8461d6cb43fc265517657e9650caca08	40e1c6ee8ed779772da0e949efe70b62	EGAD00001004137	159492614719
ESAD-UK	LP6008202-DNA_H02	EGAN00001391350	EGAX00001399229	EGAR00001436338	LP6008202-DNA_H02.bam	EGAF00001180916	25da9d07932cc9395d18997ad711aafb	06d0c3ae1bde068404fe1072e927b48e	EGAD00001004137	88451408225
ESAD-UK	LP6008138-DNA_H01	EGAN00001342130	EGAX00001340352	EGAR00001370179	LP6008138-DNA_H01.bam	EGAF00000905635	073703ad4e5bb7f0204709722948f261	d8df5f2d6ed787a3bfea33386c68d976	EGAD00001004137	49569230214
ESAD-UK	LP6008336-DNA_A01	EGAN00001681664	EGAX00001627766	EGAR00001673327	LP6008336-DNA_A01.bam	EGAF00001904430	148ba39333af7a1558a14e7701cd672a	9477cb2eef826629f637773b06af0843	EGAD00001004137	127995936671
ESAD-UK	LP6008031-DNA_F02	EGAN00001277417	EGAX00001296334	EGAR00001325048	LP6008031-DNA_F02.bam	EGAF00000814053	13f601d1e960ad98a28f5f23c75f9d5a	aa71324bd1a513ca0a3c08079ba81804	EGAD00001004137	108142092388
ESAD-UK	LP6008333-DNA_C02	EGAN00001681716	EGAX00001627818	EGAR00001673379	LP6008333-DNA_C02.bam	EGAF00001904482	be8d83c17bbd7cbc5eacad8a6594ce19	41c25a1a459f5b29a5068298add0e9d9	EGAD00001004137	69355035979
ESAD-UK	LP6008333-DNA_H01	EGAN00001681720	EGAX00001627822	EGAR00001673383	LP6008333-DNA_H01.bam	EGAF00001904486	7a7e8ae502dd368041e974d9294cc48b	d055a8715c01dc6327c6b86283dad90b	EGAD00001004137	69885794625
ESAD-UK	LP6008141-DNA_G01	EGAN00001342147	EGAX00001340369	EGAR00001370196	LP6008141-DNA_G01.bam	EGAF00000905652	d6b3292766941e9e6e1a7ea6d71a06ac	a67309cfc622d71533c5fba85ced31bb	EGAD00001004137	81035851430
ESAD-UK	LP6008335-DNA_G01	EGAN00001681712	EGAX00001627814	EGAR00001673375	LP6008335-DNA_G01.bam	EGAF00001904478	967fef3d2b1dd496a36f287c932356e6	f17aad315e218e5d1335ddd29dbf679f	EGAD00001004137	62014132491
ESAD-UK	LP6008220-DNA_B03	EGAN00001391434	EGAX00001399307	EGAR00001436416	LP6008220-DNA_B03.bam	EGAF00001180167	6ef77e2bbbe1a7756901fea558f1b69b	677d56e0f839caef95d6299e3f195fcd	EGAD00001004137	54672533906
ESAD-UK	LP6008138-DNA_C02	EGAN00001342133	EGAX00001340355	EGAR00001370182	LP6008138-DNA_C02.bam	EGAF00000905638	6eb2f3a8cb9cb8e8fe7faaa36dddc779	26d2afd583a4df25294637b6389b69d7	EGAD00001004137	46002263918
ESAD-UK	LP6008201-DNA_C03	EGAN00001391415	EGAX00001399288	EGAR00001436397	LP6008201-DNA_C03.bam	EGAF00001180079	904036c775427121732b8b03c1fe4e36	f0d3c2492c6c4f44585b3aa44201bdb7	EGAD00001004137	55273067306
ESAD-UK	LP6008268-DNA_D05	EGAN00001558965	EGAX00001522320	EGAR00001566554	LP6008268-DNA_D05.bam	EGAF00001680685	df6a80420ef72e2fa8e5d68094dfa6a6	da4ec70465062449b2b42a4cbb9d1bec	EGAD00001004137	83105148432
ESAD-UK	LP6008334-DNA_B02	EGAN00001681663	EGAX00001627765	EGAR00001673326	LP6008334-DNA_B02.bam	EGAF00001904429	d768d65d58b2e5fabf4b248a04487374	199f030032add9e57202002837a71362	EGAD00001004137	136129462782
ESAD-UK	LP6008202-DNA_G02	EGAN00001391349	EGAX00001399228	EGAR00001436337	LP6008202-DNA_G02.bam	EGAF00001180915	5cb3c5b01bfff39178df8d9099bac055	4fe4e57c00765ed6c27c35b9c2646810	EGAD00001004137	115476944493
ESAD-UK	LP6008031-DNA_B03	EGAN00001277423	EGAX00001296340	EGAR00001325054	LP6008031-DNA_B03.bam	EGAF00000814151	2d5b12981fabddccc5c7fd3e3d34043b	9718f2c5f262f4e75728a0312326ea64	EGAD00001004137	106704768125
ESAD-UK	LP6008032-DNA_A04	EGAN00001277401	EGAX00001296318	EGAR00001325032	LP6008032-DNA_A04.bam	EGAF00000814111	22e8e5671be0c0dcf64c682f9aeffd8e	67b7c9d4d2b86ae4a7760db7abfb9176	EGAD00001004137	69080514316
ESAD-UK	LP6008202-DNA_F02	EGAN00001391348	EGAX00001399227	EGAR00001436336	LP6008202-DNA_F02.bam	EGAF00001180914	decb2eca52444b05891cca8d97441cba	3dc26889675d12713913eb338fe2e4db	EGAD00001004137	83170611181
ESAD-UK	LP6008267-DNA_E01	EGAN00001558932	EGAX00001522287	EGAR00001566521	LP6008267-DNA_E01.bam	EGAF00001680652	77c5e7d934c19fec5276785f83704fde	eb47ab1df6c19b4e546262e14444ba03	EGAD00001004137	148604278370
ESAD-UK	LP2000324-DNA_A01	EGAN00001246653	EGAX00001238272	EGAR00001253372	LP2000324-DNA_A01.bam	EGAF00000661653	4c5a835c85586edc203bf3b47da10365	2ae0b70645bc1ce8636b3dd63182b6f3	EGAD00001004137	76647708595
ESAD-UK	LP6008269-DNA_H07	EGAN00001558909	EGAX00001522264	EGAR00001566498	LP6008269-DNA_H07.bam	EGAF00001680629	8e4585ae7978c8aa902edfc7c84d28c4	89c493a6fba2bd758da9297c55899f61	EGAD00001004137	163462234588
ESAD-UK	LP6008269-DNA_G08	EGAN00001558916	EGAX00001522271	EGAR00001566505	LP6008269-DNA_G08.bam	EGAF00001680636	41b46364392f5ce96d2bd7f012dbcc52	4e52166940abf846b71f7e32094265a1	EGAD00001004137	140264261596
ESAD-UK	LP6008336-DNA_H01	EGAN00001681673	EGAX00001627775	EGAR00001673336	LP6008336-DNA_H01.bam	EGAF00001904439	4d7a251a34d30e00f00bafc895276255	2a99209058fdcd6cafc2bc4138bfa7fe	EGAD00001004137	126614901385
ESAD-UK	LP6008269-DNA_E08	EGAN00001558914	EGAX00001522269	EGAR00001566503	LP6008269-DNA_E08.bam	EGAF00001680634	d9a822544e4483c3eb99b916d69bd0c8	98c1305fe0991b258cb6d3aaf5796993	EGAD00001004137	157348963368
ESAD-UK	LP6005934-DNA_E02	EGAN00001246620	EGAX00001238239	EGAR00001253339	LP6005934-DNA_E02.bam	EGAF00000661636	10579a2591dcba5eeb878c2427627a41	079078eab6399da0f13b57dcef5868fc	EGAD00001004137	102900215602
ESAD-UK	LP6008032-DNA_D03	EGAN00001277397	EGAX00001296314	EGAR00001325028	LP6008032-DNA_D03.bam	EGAF00000814109	dbaec3e1d73465d8a935b4581f385507	8107b309276a6c6e11aa722c1d3da349	EGAD00001004137	52869741683
ESAD-UK	LP6008266-DNA_A02	EGAN00001559013	EGAX00001522368	EGAR00001566602	LP6008266-DNA_A02.bam	EGAF00001680733	8ca2f48049f25089aab2940e5d3f1117	899a104648fdd4be66d5cba70eddf679	EGAD00001004137	75320223975
ESAD-UK	LP6008336-DNA_B03	EGAN00001681675	EGAX00001627777	EGAR00001673338	LP6008336-DNA_B03.bam	EGAF00001904441	491f63c3b909ac7724efda717d20d7d6	5a9da24505677465a755bf61d1c4c039	EGAD00001004137	124159401270
ESAD-UK	LP6008221-DNA_B03	EGAN00001391372	EGAX00001399251	EGAR00001436360	LP6008221-DNA_B03.bam	EGAF00001181007	0c857dff72d1243dbc3882424c19a330	49e7759ba8781087f0e2abf4b983019e	EGAD00001004137	99848586803
ESAD-UK	LP6008269-DNA_F09	EGAN00001558923	EGAX00001522278	EGAR00001566512	LP6008269-DNA_F09.bam	EGAF00001680643	e064f350d6153619865f795d9230cd47	e558f78f8fe6d2dc08c719aff048a7a0	EGAD00001004137	162028159636
ESAD-UK	LP6008201-DNA_A03	EGAN00001391413	EGAX00001399286	EGAR00001436395	LP6008201-DNA_A03.bam	EGAF00001180077	c5beaf2168f6302037a700f955d96c0b	c18bdac6ebb10138c6a88bf6042471fb	EGAD00001004137	51257729681
ESAD-UK	LP6008141-DNA_C02	EGAN00001342151	EGAX00001340373	EGAR00001370200	LP6008141-DNA_C02.bam	EGAF00000905656	eb79a03c394e23f2f66d3cc4b44468d7	2cbc7cdfb5c9a23266085ebe238ca991	EGAD00001004137	91113692198
ESAD-UK	LP6008269-DNA_E06	EGAN00001558899	EGAX00001522254	EGAR00001566488	LP6008269-DNA_E06.bam	EGAF00001680619	f729b888ea8b8de846c0378741f2f9d7	83b4bbac0d8752618d9aff3eaf01d11b	EGAD00001004137	155691574917
ESAD-UK	LP6008333-DNA_D02	EGAN00001681709	EGAX00001627811	EGAR00001673372	LP6008333-DNA_D02.bam	EGAF00001904475	902281c6fd4824906ca5177cd09b9810	70bb8e576e4e9025210ac6100250eb59	EGAD00001004137	69164350549
ESAD-UK	LP6008201-DNA_F02	EGAN00001391410	EGAX00001399283	EGAR00001436392	LP6008201-DNA_F02.bam	EGAF00001180074	53383a26cb7a1c9b622a9ebb205720b1	8cba2bbb60b2669cd98c485d60fffa13	EGAD00001004137	60265028852
ESAD-UK	LP6008268-DNA_D10	EGAN00001559003	EGAX00001522358	EGAR00001566592	LP6008268-DNA_D10.bam	EGAF00001680723	603acfb4c1fdaecb4b0677dbca14fd89	24d9dab5069378efe0ea02649ad3453c	EGAD00001004137	85691128128
ESAD-UK	LP6005935-DNA_H02	EGAN00001246592	EGAX00001238211	EGAR00001253311	LP6005935-DNA_H02.bam	EGAF00000661613	8614c963bbafd91b19d05fe929bddeb4	4193ffd7badc30539d98d5fd7f0a3d32	EGAD00001004137	125316119478
ESAD-UK	LP6008202-DNA_B03	EGAN00001391352	EGAX00001399231	EGAR00001436340	LP6008202-DNA_B03.bam	EGAF00001180918	1ca0e269bf8c8859e8745029dd970f3a	e19b78977599e992686d750dee7f3d4a	EGAD00001004137	107069120680
ESAD-UK	LP6008031-DNA_A04	EGAN00001277421	EGAX00001296338	EGAR00001325052	LP6008031-DNA_A04.bam	EGAF00000814149	b5f18528ffeeac85ee7b7a8c70585e4e	b66e43e6985ba8f173cac20ef352e0de	EGAD00001004137	111834558488
ESAD-UK	LP6008220-DNA_F03	EGAN00001391438	EGAX00001399311	EGAR00001436420	LP6008220-DNA_F03.bam	EGAF00001180171	3d36cd661bda5e0fe9b05d97a9dcb133	71b0cd8aedad37b6eb8d1ff0c4e2d63d	EGAD00001004137	55346520051
ESAD-UK	LP6008032-DNA_C03	EGAN00001277396	EGAX00001296313	EGAR00001325027	LP6008032-DNA_C03.bam	EGAF00000814108	4dcc0c2395716837029c4eb75c91205e	36e7025e83b6a77c2d1c173deee61c1b	EGAD00001004137	55450255148
ESAD-UK	LP6008333-DNA_F02	EGAN00001681738	EGAX00001627840	EGAR00001673401	LP6008333-DNA_F02.bam	EGAF00001904504	75e08ccc8f5070fb2ee1f0ad26b006f5	acc7f2a0b76019bdf899ee3bdc0c6eca	EGAD00001004137	68576641588
ESAD-UK	LP6008334-DNA_G03	EGAN00001681695	EGAX00001627797	EGAR00001673358	LP6008334-DNA_G03.bam	EGAF00001904461	a693cbcb6d0750c94647956c1458c2e3	df674c5ceedc7823b75d3391f3053cde	EGAD00001004137	125414321235
ESAD-UK	LP6008336-DNA_E02	EGAN00001681659	EGAX00001627761	EGAR00001673322	LP6008336-DNA_E02.bam	EGAF00001904425	ca7a3d68b9aa183a6de49c70b0afab61	a79ccb1584f6b658c8c2ebb46e727fa6	EGAD00001004137	129637459983
ESAD-UK	LP6008051-DNA_F02	EGAN00001277450	EGAX00001296367	EGAR00001325081	LP6008051-DNA_F02.bam	EGAF00000814061	673cf9b658ccffb4ed2d2111967c5aee	83d3895f384b6d0fc9692b85e6dca001	EGAD00001004137	118190393516
ESAD-UK	LP6008334-DNA_B01	EGAN00001681685	EGAX00001627787	EGAR00001673348	LP6008334-DNA_B01.bam	EGAF00001904451	777c90f1bf27dc9be5c2ff11582891ea	35e03b26da99e323177a3508e0c4b48d	EGAD00001004137	135431236008
ESAD-UK	LP6008334-DNA_C02	EGAN00001681665	EGAX00001627767	EGAR00001673328	LP6008334-DNA_C02.bam	EGAF00001904431	ba5342b2141e9944398cfd0f65176b82	9c98cbdb662278449037f3debbf90b85	EGAD00001004137	132496824112
ESAD-UK	LP6008269-DNA_D08	EGAN00001558913	EGAX00001522268	EGAR00001566502	LP6008269-DNA_D08.bam	EGAF00001680633	602b31622d87b0a116c5f46c9c470502	8c668138ed4b99b2f42af159f038d4c1	EGAD00001004137	155660932043
ESAD-UK	LP6008335-DNA_F01	EGAN00001681710	EGAX00001627812	EGAR00001673373	LP6008335-DNA_F01.bam	EGAF00001904476	f205d7f5fb1f9252f30e5cffb8ef7998	f2f5385a5520f7879705d1c9984e3c68	EGAD00001004137	64437467422
ESAD-UK	LP6008335-DNA_D02	EGAN00001681736	EGAX00001627838	EGAR00001673399	LP6008335-DNA_D02.bam	EGAF00001904502	a0baaec59a4efbf728410fe159044a1c	aa926b64dbe48b482ce5465c3a1a358e	EGAD00001004137	70473085099
ESAD-UK	LP6008335-DNA_E02	EGAN00001681737	EGAX00001627839	EGAR00001673400	LP6008335-DNA_E02.bam	EGAF00001904503	2d3c18c3420e78438392fd71cbd9c9af	ddfebdac0bc620e196772313c8006e75	EGAD00001004137	69660112904
ESAD-UK	LP6008336-DNA_E01	EGAN00001681670	EGAX00001627772	EGAR00001673333	LP6008336-DNA_E01.bam	EGAF00001904436	a3e5ace52dc0ee392e0360be220410bf	821fc6bfc7239b9b1c3bb944ffb2632c	EGAD00001004137	128303255307
ESAD-UK	LP6005934-DNA_E03	EGAN00001246627	EGAX00001238246	EGAR00001253346	LP6005934-DNA_E03.bam	EGAF00000661643	70b3968e549113d16d4ce0342f5f3e93	1b812e04d336f933fbdbdd34e516ec47	EGAD00001004137	99353036440
ESAD-UK	LP6008269-DNA_D10	EGAN00001558929	EGAX00001522284	EGAR00001566518	LP6008269-DNA_D10.bam	EGAF00001680649	b2121aab1ef99c9ca5b3286dc97e2a7f	5af50c38e888b8bcc1539bda82a643ee	EGAD00001004137	158821998084
ESAD-UK	LP6008269-DNA_C10	EGAN00001558928	EGAX00001522283	EGAR00001566517	LP6008269-DNA_C10.bam	EGAF00001680648	a27a0bd55eee33b765b389c017e0f087	c175c1c8697e5949b332073f4e740e13	EGAD00001004137	140666594945
ESAD-UK	LP6008334-DNA_G02	EGAN00001681688	EGAX00001627790	EGAR00001673351	LP6008334-DNA_G02.bam	EGAF00001904454	ddf758f94d19ec3a51cfbd035b131241	8d523fe9806bbf037d59b44f2e4332b6	EGAD00001004137	131285034026
ESAD-UK	LP6008336-DNA_C03	EGAN00001681677	EGAX00001627779	EGAR00001673340	LP6008336-DNA_C03.bam	EGAF00001904443	2ae7e9085193e83856b7442254c371b6	616024690559f5b227f2b5ac390a042d	EGAD00001004137	126052499268
ESAD-UK	LP6008268-DNA_A08	EGAN00001558984	EGAX00001522339	EGAR00001566573	LP6008268-DNA_A08.bam	EGAF00001680704	f3312e2f94d70872b845fe06dd303b57	2fb2e90da4b7e607342f1d811fc9c9fd	EGAD00001004137	70637904109
ESAD-UK	LP6008333-DNA_C01	EGAN00001681708	EGAX00001627810	EGAR00001673371	LP6008333-DNA_C01.bam	EGAF00001904474	9743e235888e3fbbd98c3c41831aa7ec	25d661467a2c381569cb39a32c119eb2	EGAD00001004137	70905169074
ESAD-UK	LP6008031-DNA_A03	EGAN00001277422	EGAX00001296339	EGAR00001325053	LP6008031-DNA_A03.bam	EGAF00000814150	7049fb9b5a915a3a32fac6df578d54a1	86846914041375cb098f43ae444e6908	EGAD00001004137	112446445776
ESAD-UK	LP6008333-DNA_H02	EGAN00001681740	EGAX00001627842	EGAR00001673403	LP6008333-DNA_H02.bam	EGAF00001904506	7d92ad7474fe0877885f21a06c1de387	9e5e24dbfea40af202381916ca0074f3	EGAD00001004137	69380983210
ESAD-UK	LP6008031-DNA_E03	EGAN00001277425	EGAX00001296342	EGAR00001325056	LP6008031-DNA_E03.bam	EGAF00000814153	5dbbc8290e765189a897729fa3ee25dc	b1ad944bc6b01c20e5d9044f9206e0ae	EGAD00001004137	127596066262
ESAD-UK	LP6008334-DNA_C01	EGAN00001681686	EGAX00001627788	EGAR00001673349	LP6008334-DNA_C01.bam	EGAF00001904452	84d43af6e53011e153401cdd287053e3	569c1be63ff1cbb07d6a70fe493736be	EGAD00001004137	135155810269
ESAD-UK	LP6008269-DNA_B10	EGAN00001558927	EGAX00001522282	EGAR00001566516	LP6008269-DNA_B10.bam	EGAF00001680647	6a5ce6bd80e2afecfb188dc80c1cf29a	a896bc52a68e25a1b95e1cd75eed8ab2	EGAD00001004137	154317502449
ESAD-UK	LP6008267-DNA_G01	EGAN00001558934	EGAX00001522289	EGAR00001566523	LP6008267-DNA_G01.bam	EGAF00001680654	4a5f11f54a8824596407cc4531725fa1	ee002100dc33bb7be6d2b86ab95e919d	EGAD00001004137	141755580959
ESAD-UK	LP6008333-DNA_C03	EGAN00001681724	EGAX00001627826	EGAR00001673387	LP6008333-DNA_C03.bam	EGAF00001904490	fde3f1d4a2bb89980b48c19ae4d6164d	def677908295a0b371b4223f1d9a718a	EGAD00001004137	68190275711
ESAD-UK	LP6008220-DNA_H02	EGAN00001391432	EGAX00001399305	EGAR00001436414	LP6008220-DNA_H02.bam	EGAF00001180165	e8801117325d45fe6ce94b81a4a6a012	7e16d70d7fa4932c5ad15b7b14e2dce5	EGAD00001004137	52175435394
ESAD-UK	LP6008032-DNA_H02	EGAN00001277393	EGAX00001296310	EGAR00001325024	LP6008032-DNA_H02.bam	EGAF00000814105	2597abf06c50b13131b801d25c298d84	3eb509992491eeb4644e5a88c2a0b6f4	EGAD00001004137	52968201721
ESAD-UK	LP6008032-DNA_F03	EGAN00001277399	EGAX00001296316	EGAR00001325030	LP6008032-DNA_F03.bam	EGAF00000814042	0d71b5232d957f369f0f3fa47168878c	750ef719746a84722bc46bd84b50e322	EGAD00001004137	50633933840
ESAD-UK	LP6008333-DNA_G02	EGAN00001681743	EGAX00001627845	EGAR00001673406	LP6008333-DNA_G02.bam	EGAF00001904509	20b9a903f6d522aac0e94695c94d8fe6	576e736d4db650bbef4751e30462c826	EGAD00001004137	67663352601
ESAD-UK	LP6008267-DNA_B02	EGAN00001558936	EGAX00001522291	EGAR00001566525	LP6008267-DNA_B02.bam	EGAF00001680656	7603f74407a8c53c55bfba957bc4eb40	6d2be0c5e8d02a93f2eb327f6e49c16d	EGAD00001004137	148251543102
ESAD-UK	LP6008269-DNA_E10	EGAN00001558930	EGAX00001522285	EGAR00001566519	LP6008269-DNA_E10.bam	EGAF00001680650	acb2d3c58803c4a0daed60b1d96414a7	bb75af49cf284493ffa4f7f4bcf93e5c	EGAD00001004137	151584376393
ESAD-UK	LP6008335-DNA_B01	EGAN00001681732	EGAX00001627834	EGAR00001673395	LP6008335-DNA_B01.bam	EGAF00001904498	b7f3b3f71e42bb3fde767e60024125b6	e458b112a821c67310a47f4f6b744a52	EGAD00001004137	65485070832
ESAD-UK	LP6008334-DNA_F02	EGAN00001681683	EGAX00001627785	EGAR00001673346	LP6008334-DNA_F02.bam	EGAF00001904449	629b972d9b949353c2a049901e890a0b	10519dbc647b841b6d8e537111d5f595	EGAD00001004137	133180422127
ESAD-UK	LP6008335-DNA_H02	EGAN00001681739	EGAX00001627841	EGAR00001673402	LP6008335-DNA_H02.bam	EGAF00001904505	1a0959cc6cbc35764c4e9f8ada6aa91a	1394f6651a6fb670d3062892a955bb40	EGAD00001004137	69008736471
ESAD-UK	LP6008031-DNA_H02	EGAN00001277419	EGAX00001296336	EGAR00001325050	LP6008031-DNA_H02.bam	EGAF00000814055	922459ae83e6b7a0d9d66ba9a3080588	e2e7d96103ce9f7d52b46f89a6ae5360	EGAD00001004137	106599013846
ESAD-UK	LP6008335-DNA_C02	EGAN00001681735	EGAX00001627837	EGAR00001673398	LP6008335-DNA_C02.bam	EGAF00001904501	8302b58caf93361aca23a975d4529456	ca4a77099a5ca120904c832b61629dcd	EGAD00001004137	65528074929
ESAD-UK	LP6008336-DNA_H03	EGAN00001681698	EGAX00001627800	EGAR00001673361	LP6008336-DNA_H03.bam	EGAF00001904464	50d3fd8b46a839cee46210371615adce	1b8ace148c304c47b89e4974c1f9977f	EGAD00001004137	135913714340
